Sample_ID_database	SampleID_publication	Accession	Sample type	Plant_species	Soil type	Collection site	Province and Country	Municipality	Plant_status_CIAT_passport	Plant_status	Origin_germplasm	Isolation_method	Sequencing_company	Sequencing_method	Amplicon_type	Primer_Forward	Primer_Reverse 
ZA2	A1_1	A1	Rhizospheric_soil	Phaseoulus vulgaris	Agricultural	6°4′55″ N, 75°20′3″W	Antioquia, Colombia	Carmen de Viboral	Wild	Ancestral	Cundinamarca	MoBio Power Soil DNA kit	Macrogen	Illumina MiSeq	16S rRNA V3-V4 region	CCTACGGGNGGCWGCAG	GACTACHVGGGTATCTAATCC
ZA3	A1_2	A1	Rhizospheric_soil	Phaseoulus vulgaris	Agricultural	6°4′55″ N, 75°20′3″W	Antioquia, Colombia	Carmen de Viboral	Wild	Ancestral	Cundinamarca	MoBio Power Soil DNA kit	Macrogen	Illumina MiSeq	16S rRNA V3-V4 region	CCTACGGGNGGCWGCAG	GACTACHVGGGTATCTAATCC
ZA6	A1_3	A1	Rhizospheric_soil	Phaseoulus vulgaris	Agricultural	6°4′55″ N, 75°20′3″W	Antioquia, Colombia	Carmen de Viboral	Wild	Ancestral	Cundinamarca	MoBio Power Soil DNA kit	Macrogen	Illumina MiSeq	16S rRNA V3-V4 region	CCTACGGGNGGCWGCAG	GACTACHVGGGTATCTAATCC
ZA7	A1_4	A1	Rhizospheric_soil	Phaseoulus vulgaris	Agricultural	6°4′55″ N, 75°20′3″W	Antioquia, Colombia	Carmen de Viboral	Wild	Ancestral	Cundinamarca	MoBio Power Soil DNA kit	Macrogen	Illumina MiSeq	16S rRNA V3-V4 region	CCTACGGGNGGCWGCAG	GACTACHVGGGTATCTAATCC
ZF11	A2_1	A2	Rhizospheric_soil	Phaseoulus vulgaris	Agricultural	6°4′55″ N, 75°20′3″W	Antioquia, Colombia	Carmen de Viboral	Landrace	Ancestral	Cundinamarca	MoBio Power Soil DNA kit	Macrogen	Illumina MiSeq	16S rRNA V3-V4 region	CCTACGGGNGGCWGCAG	GACTACHVGGGTATCTAATCC
ZF8	A2_2	A2	Rhizospheric_soil	Phaseoulus vulgaris	Agricultural	6°4′55″ N, 75°20′3″W	Antioquia, Colombia	Carmen de Viboral	Landrace	Ancestral	Cundinamarca	MoBio Power Soil DNA kit	Macrogen	Illumina MiSeq	16S rRNA V3-V4 region	CCTACGGGNGGCWGCAG	GACTACHVGGGTATCTAATCC
ZF2	A2_3	A2	Rhizospheric_soil	Phaseoulus vulgaris	Agricultural	6°4′55″ N, 75°20′3″W	Antioquia, Colombia	Carmen de Viboral	Landrace	Ancestral	Cundinamarca	MoBio Power Soil DNA kit	Macrogen	Illumina MiSeq	16S rRNA V3-V4 region	CCTACGGGNGGCWGCAG	GACTACHVGGGTATCTAATCC
ZF5	A2_4	A2	Rhizospheric_soil	Phaseoulus vulgaris	Agricultural	6°4′55″ N, 75°20′3″W	Antioquia, Colombia	Carmen de Viboral	Landrace	Ancestral	Cundinamarca	MoBio Power Soil DNA kit	Macrogen	Illumina MiSeq	16S rRNA V3-V4 region	CCTACGGGNGGCWGCAG	GACTACHVGGGTATCTAATCC
ZD12	L1_1	L1	Rhizospheric_soil	Phaseoulus vulgaris	Agricultural	6°4′55″ N, 75°20′3″W	Antioquia, Colombia	Carmen de Viboral	Landrace	Landrace	Antioquia	MoBio Power Soil DNA kit	Macrogen	Illumina MiSeq	16S rRNA V3-V4 region	CCTACGGGNGGCWGCAG	GACTACHVGGGTATCTAATCC
ZD2	L1_2	L1	Rhizospheric_soil	Phaseoulus vulgaris	Agricultural	6°4′55″ N, 75°20′3″W	Antioquia, Colombia	Carmen de Viboral	Landrace	Landrace	Antioquia	MoBio Power Soil DNA kit	Macrogen	Illumina MiSeq	16S rRNA V3-V4 region	CCTACGGGNGGCWGCAG	GACTACHVGGGTATCTAATCC
ZD3	L1_3	L1	Rhizospheric_soil	Phaseoulus vulgaris	Agricultural	6°4′55″ N, 75°20′3″W	Antioquia, Colombia	Carmen de Viboral	Landrace	Landrace	Antioquia	MoBio Power Soil DNA kit	Macrogen	Illumina MiSeq	16S rRNA V3-V4 region	CCTACGGGNGGCWGCAG	GACTACHVGGGTATCTAATCC
ZD5	L1_4	L1	Rhizospheric_soil	Phaseoulus vulgaris	Agricultural	6°4′55″ N, 75°20′3″W	Antioquia, Colombia	Carmen de Viboral	Landrace	Landrace	Antioquia	MoBio Power Soil DNA kit	Macrogen	Illumina MiSeq	16S rRNA V3-V4 region	CCTACGGGNGGCWGCAG	GACTACHVGGGTATCTAATCC
ZC1	M1_1	M1	Rhizospheric_soil	Phaseoulus vulgaris	Agricultural	6°4′55″ N, 75°20′3″W	Antioquia, Colombia	Carmen de Viboral	Wild	Modern	Antioquia	MoBio Power Soil DNA kit	Macrogen	Illumina MiSeq	16S rRNA V3-V4 region	CCTACGGGNGGCWGCAG	GACTACHVGGGTATCTAATCC
ZC2	M1_2	M1	Rhizospheric_soil	Phaseoulus vulgaris	Agricultural	6°4′55″ N, 75°20′3″W	Antioquia, Colombia	Carmen de Viboral	Wild	Modern	Antioquia	MoBio Power Soil DNA kit	Macrogen	Illumina MiSeq	16S rRNA V3-V4 region	CCTACGGGNGGCWGCAG	GACTACHVGGGTATCTAATCC
ZC7	M1_3	M1	Rhizospheric_soil	Phaseoulus vulgaris	Agricultural	6°4′55″ N, 75°20′3″W	Antioquia, Colombia	Carmen de Viboral	Wild	Modern	Antioquia	MoBio Power Soil DNA kit	Macrogen	Illumina MiSeq	16S rRNA V3-V4 region	CCTACGGGNGGCWGCAG	GACTACHVGGGTATCTAATCC
ZC8	M1_4	M1	Rhizospheric_soil	Phaseoulus vulgaris	Agricultural	6°4′55″ N, 75°20′3″W	Antioquia, Colombia	Carmen de Viboral	Wild	Modern	Antioquia	MoBio Power Soil DNA kit	Macrogen	Illumina MiSeq	16S rRNA V3-V4 region	CCTACGGGNGGCWGCAG	GACTACHVGGGTATCTAATCC
ZE11	M2_1	M2	Rhizospheric_soil	Phaseoulus vulgaris	Agricultural	6°4′55″ N, 75°20′3″W	Antioquia, Colombia	Carmen de Viboral	Landrace	Modern	Antioquia	MoBio Power Soil DNA kit	Macrogen	Illumina MiSeq	16S rRNA V3-V4 region	CCTACGGGNGGCWGCAG	GACTACHVGGGTATCTAATCC
ZE12	M2_2	M2	Rhizospheric_soil	Phaseoulus vulgaris	Agricultural	6°4′55″ N, 75°20′3″W	Antioquia, Colombia	Carmen de Viboral	Landrace	Modern	Antioquia	MoBio Power Soil DNA kit	Macrogen	Illumina MiSeq	16S rRNA V3-V4 region	CCTACGGGNGGCWGCAG	GACTACHVGGGTATCTAATCC
ZE4	M2_3	M2	Rhizospheric_soil	Phaseoulus vulgaris	Agricultural	6°4′55″ N, 75°20′3″W	Antioquia, Colombia	Carmen de Viboral	Landrace	Modern	Antioquia	MoBio Power Soil DNA kit	Macrogen	Illumina MiSeq	16S rRNA V3-V4 region	CCTACGGGNGGCWGCAG	GACTACHVGGGTATCTAATCC
ZE6	M2_4	M2	Rhizospheric_soil	Phaseoulus vulgaris	Agricultural	6°4′55″ N, 75°20′3″W	Antioquia, Colombia	Carmen de Viboral	Landrace	Modern	Antioquia	MoBio Power Soil DNA kit	Macrogen	Illumina MiSeq	16S rRNA V3-V4 region	CCTACGGGNGGCWGCAG	GACTACHVGGGTATCTAATCC
ZH12	M3_1	M3	Rhizospheric_soil	Phaseoulus vulgaris	Agricultural	6°4′55″ N, 75°20′3″W	Antioquia, Colombia	Carmen de Viboral	Variety	Modern	NA	MoBio Power Soil DNA kit	Macrogen	Illumina MiSeq	16S rRNA V3-V4 region	CCTACGGGNGGCWGCAG	GACTACHVGGGTATCTAATCC
ZH2	M3_2	M3	Rhizospheric_soil	Phaseoulus vulgaris	Agricultural	6°4′55″ N, 75°20′3″W	Antioquia, Colombia	Carmen de Viboral	Variety	Modern	NA	MoBio Power Soil DNA kit	Macrogen	Illumina MiSeq	16S rRNA V3-V4 region	CCTACGGGNGGCWGCAG	GACTACHVGGGTATCTAATCC
ZH4	M3_3	M3	Rhizospheric_soil	Phaseoulus vulgaris	Agricultural	6°4′55″ N, 75°20′3″W	Antioquia, Colombia	Carmen de Viboral	Variety	Modern	NA	MoBio Power Soil DNA kit	Macrogen	Illumina MiSeq	16S rRNA V3-V4 region	CCTACGGGNGGCWGCAG	GACTACHVGGGTATCTAATCC
ZH8	M3_4	M3	Rhizospheric_soil	Phaseoulus vulgaris	Agricultural	6°4′55″ N, 75°20′3″W	Antioquia, Colombia	Carmen de Viboral	Variety	Modern	NA	MoBio Power Soil DNA kit	Macrogen	Illumina MiSeq	16S rRNA V3-V4 region	CCTACGGGNGGCWGCAG	GACTACHVGGGTATCTAATCC
ZI1	M4_1	M4	Rhizospheric_soil	Phaseoulus vulgaris	Agricultural	6°4′55″ N, 75°20′3″W	Antioquia, Colombia	Carmen de Viboral	Variety	Modern	NA	MoBio Power Soil DNA kit	Macrogen	Illumina MiSeq	16S rRNA V3-V4 region	CCTACGGGNGGCWGCAG	GACTACHVGGGTATCTAATCC
ZI10	M4_2	M4	Rhizospheric_soil	Phaseoulus vulgaris	Agricultural	6°4′55″ N, 75°20′3″W	Antioquia, Colombia	Carmen de Viboral	Variety	Modern	NA	MoBio Power Soil DNA kit	Macrogen	Illumina MiSeq	16S rRNA V3-V4 region	CCTACGGGNGGCWGCAG	GACTACHVGGGTATCTAATCC
ZI5	M4_3	M4	Rhizospheric_soil	Phaseoulus vulgaris	Agricultural	6°4′55″ N, 75°20′3″W	Antioquia, Colombia	Carmen de Viboral	Variety	Modern	NA	MoBio Power Soil DNA kit	Macrogen	Illumina MiSeq	16S rRNA V3-V4 region	CCTACGGGNGGCWGCAG	GACTACHVGGGTATCTAATCC
ZI6	M4_4	M4	Rhizospheric_soil	Phaseoulus vulgaris	Agricultural	6°4′55″ N, 75°20′3″W	Antioquia, Colombia	Carmen de Viboral	Variety	Modern	NA	MoBio Power Soil DNA kit	Macrogen	Illumina MiSeq	16S rRNA V3-V4 region	CCTACGGGNGGCWGCAG	GACTACHVGGGTATCTAATCC
ZG12	M5_1	M5	Rhizospheric_soil	Phaseoulus vulgaris	Agricultural	6°4′55″ N, 75°20′3″W	Antioquia, Colombia	Carmen de Viboral	Variety	Modern	NA	MoBio Power Soil DNA kit	Macrogen	Illumina MiSeq	16S rRNA V3-V4 region	CCTACGGGNGGCWGCAG	GACTACHVGGGTATCTAATCC
ZG6	M5_2	M5	Rhizospheric_soil	Phaseoulus vulgaris	Agricultural	6°4′55″ N, 75°20′3″W	Antioquia, Colombia	Carmen de Viboral	Variety	Modern	NA	MoBio Power Soil DNA kit	Macrogen	Illumina MiSeq	16S rRNA V3-V4 region	CCTACGGGNGGCWGCAG	GACTACHVGGGTATCTAATCC
ZG8	M5_3	M5	Rhizospheric_soil	Phaseoulus vulgaris	Agricultural	6°4′55″ N, 75°20′3″W	Antioquia, Colombia	Carmen de Viboral	Variety	Modern	NA	MoBio Power Soil DNA kit	Macrogen	Illumina MiSeq	16S rRNA V3-V4 region	CCTACGGGNGGCWGCAG	GACTACHVGGGTATCTAATCC
ZG9	M5_4	M5	Rhizospheric_soil	Phaseoulus vulgaris	Agricultural	6°4′55″ N, 75°20′3″W	Antioquia, Colombia	Carmen de Viboral	Variety	Modern	NA	MoBio Power Soil DNA kit	Macrogen	Illumina MiSeq	16S rRNA V3-V4 region	CCTACGGGNGGCWGCAG	GACTACHVGGGTATCTAATCC
CZ1	Soil_1	Soil	Bulk_soil	NA	Agricultural	6°4′55″ N, 75°20′3″W	Antioquia, Colombia	Carmen de Viboral	Bulk_soil	NA	NA	MoBio Power Soil DNA kit	Macrogen	Illumina MiSeq	16S rRNA V3-V4 region	CCTACGGGNGGCWGCAG	GACTACHVGGGTATCTAATCC
CZ2	Soil_2	Soil	Bulk_soil	NA	Agricultural	6°4′55″ N, 75°20′3″W	Antioquia, Colombia	Carmen de Viboral	Bulk_soil	NA	NA	MoBio Power Soil DNA kit	Macrogen	Illumina MiSeq	16S rRNA V3-V4 region	CCTACGGGNGGCWGCAG	GACTACHVGGGTATCTAATCC
CZ3	Soil_3	Soil	Bulk_soil	NA	Agricultural	6°4′55″ N, 75°20′3″W	Antioquia, Colombia	Carmen de Viboral	Bulk_soil	NA	NA	MoBio Power Soil DNA kit	Macrogen	Illumina MiSeq	16S rRNA V3-V4 region	CCTACGGGNGGCWGCAG	GACTACHVGGGTATCTAATCC
CZ4	Soil_4	Soil	Bulk_soil	NA	Agricultural	6°4′55″ N, 75°20′3″W	Antioquia, Colombia	Carmen de Viboral	Bulk_soil	NA	NA	MoBio Power Soil DNA kit	Macrogen	Illumina MiSeq	16S rRNA V3-V4 region	CCTACGGGNGGCWGCAG	GACTACHVGGGTATCTAATCC
